id,first_name,last_name,sueldo
1,Della,Richley,45590.14
2,Aila,Brennans,42791.06
3,Aldridge,Poznan,45571.19
4,Dougie,Bolstridge,39936.88
5,Barn,Cappineer,49891.74
6,Sherline,Grinnov,38386.92
7,Merrill,Rubartelli,48069.43
8,Lu,Newbury,43215.03
9,Gideon,Ferrie,36691.50
10,Jabez,Vellden,46551.13
11,Hiram,MacNeil,48104.33
12,Huntley,Dermot,44876.64
13,Scott,Smalls,48858.41
14,Aylmar,Hakewell,41820.24
15,Clarinda,holmes,35088.34
16,Ingar,Houlridge,35872.27
17,Zebulen,Spinage,47329.89
18,Moss,Ribou,43442.33
19,Charmine,Mapstone,36392.33
20,Jack,Bunclark,48866.32
21,Viviana,Bloys,35877.83
22,Jayme,Dorber,43754.28
23,Filberte,Seedhouse,40639.27
24,Jada,Pinsent,47290.62
25,Johnnie,Fancourt,38225.47
26,Pearce,Whitworth,49443.45
27,Abagail,Gomme,47203.45
28,Mohandas,Cumber,46750.35
29,Opalina,Cuppitt,45702.46
30,Lauren,Bartozzi,39539.48
31,Vincenty,Delagnes,43802.45
32,Kacie,Marty,46674.14
33,Andie,de Castelain,38056.14
34,Chloe,Downer,40030.62
35,Jammie,Salvadore,40299.69
36,Mora,Maplethorpe,37106.97
37,Wilbur,Thurgood,38071.27
38,Barret,Lloyd,41644.43
39,Floria,Fealey,36757.05
40,Eda,D'Elias,39239.06
41,Catie,Paggitt,37111.92
42,Gus,Anneslie,38006.09
43,Jaquelin,Heatherington,35930.39
44,Janis,Bedward,41494.73
45,Balduin,Marcome,42065.53
46,Monte,Bonellie,47234.44
47,Torrey,Filippucci,36107.04
48,Benjamen,Kassman,37238.78
49,Kiley,Slowey,46643.62
50,Renie,Helix,45776.96
