id,first_name,last_name,sueldo
1,Ag,Bickford,37603.94
2,Eveline,Esposita,40678.79
3,Rozele,Parr,40763.29
4,Riane,Gifkins,34178.66
5,Valry,Werrit,49741.99
6,Gates,Melbourn,44913.98
7,Fan,Gert,37447.07
8,Dene,Crenage,39159.39
9,Martin,Slimings,42370.39
10,Steve,Dacey,44229.65
11,Nat,Ruffle,46106.36
12,Randa,Eskrigge,35507.02
13,Filippa,Keighley,37391.06
14,Phineas,Proudlove,39082.10
15,Brook,Caldwell,38307.84
16,Hayward,Danaher,47140.64
17,Courtney,Ecclestone,35856.98
18,Junie,Cotton,46441.05
19,Biddy,Bernardotti,46330.59
20,Desiri,Spellward,45335.85
21,Oby,Trenholme,40343.71
22,Waldemar,Driffe,43167.41
23,Waverly,Aleksankin,35749.66
24,Corissa,Gaggen,43101.75
25,Sallie,Bound,46746.71
26,Lonnie,Lundberg,38865.90
27,Edie,Weekley,41734.64
28,Antin,Dace,34770.21
29,Terrence,Micklewright,47205.71
30,Jaquelyn,McRobb,48997.92
31,Rochette,Dyhouse,46755.71
32,Skyler,Whenham,36307.13
33,Gideon,Bawcock,36319.99
34,Pam,Clashe,37060.54
35,Jacky,Grimley,38754.48
36,Ki,Hodge,44981.48
37,Veronike,Chomicki,34965.41
38,Madelyn,Insworth,49940.82
39,Basilio,Haile,49769.63
40,Garrett,Dommett,49686.67
41,Biddy,Rannigan,49017.91
42,Dalenna,Jenno,37538.73
43,Theresina,Doggett,45637.74
44,Gardy,Gruby,40122.54
45,Ozzie,Brabant,37881.13
46,Nisse,Plover,45891.25
47,Willard,Chetham,47483.35
48,Antonella,Jansik,45044.06
49,Aguistin,Muldoon,48988.86
50,Hinze,Scading,45526.45
51,Lindi,Sharvill,43392.99
52,Mitchael,Dorcey,42065.57
53,Eadmund,Broadwell,40379.58
54,Thurstan,Ottley,49428.43
55,Wildon,Hanselman,37168.78
56,Dixie,Yeates,36502.30
57,Elysee,Braundt,40742.24
58,Myer,Rehorek,41554.98
59,Keir,Menego,42032.97
60,Ulysses,McMarquis,40311.96
61,Paulie,Kilfedder,47823.87
62,Marjorie,Jeromson,45925.08
63,Myca,Yellowlea,41298.94
64,Simone,Rozalski,34090.29
65,Bobbi,Levet,40310.11
66,Bil,Haruard,45323.72
67,Della,Losebie,46292.95
68,Loy,Fernez,37695.73
69,Piggy,Saffran,34429.52
70,Trent,Forre,37515.58
71,Wright,De Lacey,49610.03
72,Jody,Godsal,34710.64
73,Marjy,Ebanks,45317.09
74,Kelley,Spittall,41640.27
75,Filip,Dunseath,42334.49
76,Sonia,Christou,43637.13
77,Pascal,Drakes,35988.99
78,Ephrem,Maher,45295.24
79,Nelle,Blaydon,38377.74
80,Karole,Deacon,43724.69
81,Viviana,Mabee,45773.48
82,Dorelia,Tabbernor,41930.10
83,Holden,Kidson,39709.61
84,Ryun,MacCollom,46234.38
85,Beitris,Purrington,40017.26
86,Cyndi,Pechard,35119.39
87,Katti,Bridden,39875.55
88,Baxy,Doyle,47976.35
89,Heriberto,Footitt,38750.73
90,Ellie,Castillo,49800.19
91,Ali,Reyne,49715.03
92,Weider,Enoch,37213.58
93,Phebe,Episcopi,49095.35
94,Marcus,Relph,47356.10
95,Eloisa,McCrohon,43306.45
96,Fanni,Kilroy,46351.87
97,Davita,Hengoed,34443.34
98,Jerrie,Ghidini,42229.77
99,Annette,Snoxell,49152.15
100,Aubrey,Herrero,34233.91
101,Chad,MacIlwrick,38715.49
102,Lowrance,Wrenn,39548.18
103,Coraline,Matterson,43125.91
104,Elbertina,Manshaw,34405.97
105,Mollie,Lutz,45130.97
106,Meir,Dubbin,36751.54
107,Burton,Crew,44352.18
108,Kore,felip,39370.46
109,Franzen,Payler,36960.84
110,Fredric,Firbanks,38850.74
111,Katya,Lumb,41125.98
112,Dorian,McCallion,38608.92
113,Eadmund,Diperaus,47827.96
114,Mar,Kleimt,40051.04
115,Hyacinthe,Burtwell,39391.88
116,Ernaline,Jessep,43344.48
117,Clarice,Hurl,44118.52
118,Gretta,De Paoli,42084.25
119,Elsa,Jakaway,42394.40
120,Aila,Manthorpe,40939.00
121,Gannie,Pavkovic,38983.08
122,Tierney,Linfitt,40984.68
123,Josy,Yerrington,41381.64
124,Cchaddie,Titchard,35567.62
125,Carlye,Morrison,42511.31
126,Basilio,Schusterl,46315.95
127,Ethelin,Coffee,40447.67
128,Darla,Heyns,44924.88
129,Carol-jean,Croot,44251.74
130,Cordula,Calley,43753.26
131,Sonny,Anfrey,36092.57
132,Gilbertine,Etoile,46166.34
133,Hagen,Daubeny,43572.68
134,Napoleon,Van Weedenburg,46791.17
135,Bianka,Pomeroy,41506.66
136,Virgie,Gronw,37708.88
137,Ariel,Corstan,38183.44
138,Winnie,Van Salzberger,48181.15
139,Dulcine,Risebrow,40907.41
140,Maggy,Pothergill,39073.11
141,Elisha,O'Geneay,34615.67
142,Daryl,Regorz,44721.55
143,Leupold,Pemberton,49118.25
144,Bryant,Loreit,45945.16
145,Aubrette,Vanne,35679.44
146,Charlotta,Cuckoo,47458.63
147,Derby,Di Franceshci,37861.46
148,Lauree,Bier,42842.09
149,Ilka,Bath,43172.58
150,Etienne,Durkin,41203.40
151,Rebekkah,Kiddy,46851.39
152,Bennie,Adams,35633.95
153,Floyd,Conichie,35839.50
154,Flore,Plank,45118.39
155,Keelby,Mountlow,35160.97
156,Baillie,McKeand,40637.01
157,Roderick,Cron,45773.99
158,Zea,Falshaw,34454.41
159,Iona,Ashbe,41704.50
160,Hadrian,Crombleholme,36642.18
161,Valaree,Thayre,34372.15
162,Duff,Muirhead,48296.09
163,Penelope,Duffil,39248.49
164,Veda,Muggeridge,43732.76
165,Myer,Bauckham,39324.62
166,Gabbey,Vasyutichev,40144.98
167,Bernadene,Sewards,46830.46
168,Fairlie,Caroli,41440.26
169,Marya,Cowles,47914.13
170,Carleton,Astle,36293.03
171,Ilario,Pedlow,40789.45
172,Aubine,Daniely,35734.22
173,Beverlee,Rattenbury,47511.44
174,Caritta,Zielinski,37494.54
175,Sue,Mumbey,38935.52
176,Lona,Roughan,38826.19
177,Shannan,Jojic,44737.48
178,Judye,Skene,41455.38
179,Candra,Caillou,40547.13
180,Poul,Rizzone,43396.16
181,Hillard,Barenski,42259.50
182,Dolli,Wordley,45581.49
183,Bern,Pedrocco,44812.36
184,Carmen,Potticary,44284.39
185,Martainn,Macon,45841.76
186,Micaela,Carrell,48157.48
187,Toddie,Wilfling,45045.15
188,Verene,Quilliam,42060.04
189,Irv,Chave,40314.25
190,Forester,Berryman,39476.26
191,Gino,Boddington,47975.83
192,Samuel,Malim,39923.44
193,Glenna,Ca,43242.80
194,Giff,Spalton,44094.13
195,Stormi,Butner,39090.57
196,Hyman,Daunter,45309.87
197,Cosme,Seaborn,45734.60
198,Susana,Darthe,36062.71
199,Hendrik,Dewick,37345.80
200,Laraine,Gorcke,38620.92
201,Cecilio,Nickels,39523.04
202,Theda,Shone,39313.63
203,Brice,Llywarch,49241.24
204,Haywood,Lackey,43526.21
205,Brynna,Decroix,35189.06
206,Kathie,Richardsson,41423.35
207,Misty,Worsham,43239.91
208,Graham,Kirkpatrick,44271.62
209,Heda,Shrubsall,42961.98
210,Janot,Bourgaize,38001.34
211,Maribelle,Walsh,36464.21
212,Arlen,Clegg,36575.00
213,Joby,Blakeway,35190.00
214,Oneida,Hamblin,45346.95
215,Willie,McLenaghan,35206.69
216,Otis,Ironside,44465.49
217,Kirsti,Lesly,41573.64
218,Lorraine,Petts,43760.48
219,Jennie,Dickin,44356.60
220,Elyse,Sackey,45263.48
221,Karrah,Warboy,47488.42
222,Hedvige,Postle,39040.80
223,Faunie,Jerger,47677.84
224,Roselia,Kightly,40324.16
225,Megan,Cochern,39546.21
226,Marion,Longhorne,40317.53
227,Gordy,Pesterfield,37541.47
228,Maryanna,Ville,36361.97
229,Chrisse,Tremeer,43420.72
230,Martino,Ellum,43437.57
231,Nicolea,Philipsson,46378.64
232,Loretta,de Zamora,43790.67
233,Andrey,Partington,49709.18
234,Shea,O'Leagham,46663.27
235,Basile,Witz,41699.29
236,Collen,Jenckes,39019.99
237,Eileen,Keay,36904.77
238,Nikos,Giacopelo,38106.62
239,Hyacinthie,Richardon,47953.46
240,Jackie,Atchly,48842.72
241,Karlene,Antyshev,44178.79
242,Galvin,Loynton,41800.10
243,Bendick,Santhouse,41386.58
244,Ulrika,Cawdron,40946.30
245,Crin,Ratnage,34953.40
246,Cedric,Barnsdale,41508.70
247,Starr,Smithson,48537.96
248,Jordon,Grishaev,42531.16
249,Jacki,Blenkinship,35191.29
250,Meriel,Fomichkin,37234.42
251,Ardith,Petruszka,44492.32
252,Albert,Verner,41137.49
253,Filippa,Rubinowitsch,47755.12
254,Colleen,Tinkler,48143.63
255,Jerrie,Plet,39928.19
256,John,Pendock,36023.67
257,Emilie,Shrubsall,38393.90
258,Leona,Walbrook,43571.06
259,Traver,Beachamp,38174.33
260,Bourke,Diss,42617.05
261,Colby,Salisbury,43872.29
262,Rana,Rodrig,39103.99
263,Sigfried,Ducastel,45213.05
264,Patty,Stead,43779.66
265,Isaak,Yakebovitch,41791.61
266,Moselle,Markey,41965.09
267,Granthem,Cullington,42396.71
268,Anthe,Cassidy,43266.27
269,Penny,Bon,46473.87
270,Aretha,Keenan,40373.70
271,Adelind,Llewellen,43901.99
272,Ingrim,Happel,38738.42
273,Whit,Goodband,40903.22
274,Georgetta,Demangel,46301.72
275,Vinny,Hopkynson,41454.40
276,Iosep,Fowells,41983.08
277,Julee,Whitland,40760.73
278,Carr,Duncklee,44261.96
279,Brittany,Muldoon,40858.90
280,Mickey,Grennan,36644.70
281,Adelbert,Coghlin,36349.13
282,Marga,Hyde-Chambers,34386.13
283,Brooks,Cuxson,47513.35
284,Baily,Fenn,44860.94
285,Bernard,Fordy,42240.26
286,Stephen,Eixenberger,35913.05
287,Efrem,Sigert,46038.82
288,Poppy,Baudacci,39500.90
289,Rozina,Lukesch,48166.42
290,Juline,Pinkney,43084.39
291,Patrizia,Balls,34443.69
292,Carin,Champe,48089.22
293,Stormy,Fugere,44366.36
294,Rebekah,Lomansey,40852.72
295,Amble,Siddeley,36094.72
296,Avivah,O'Quin,45032.03
297,Stella,Parsonson,43609.51
298,Austin,Ismead,35668.47
299,Claudine,Budden,34187.00
300,Morton,Kilpatrick,38391.00
301,Germana,Birney,41924.41
302,Odille,Thalmann,39051.78
303,Jemmy,Werner,40635.92
304,Cathlene,Sergeaunt,49217.71
305,Gustie,Paulillo,37031.70
306,Quinlan,Myhill,48843.16
307,Paule,Thal,44534.81
308,Ronny,Bollom,48396.47
309,Lek,Fincher,38889.88
310,Mar,Rudloff,34829.38
311,Adelle,Baudone,39264.15
312,Valaree,Cahn,46336.60
313,Livvy,Harlin,39477.98
314,Zita,Braidley,36022.11
315,Gunther,Bream,48886.67
316,Ashlie,McReath,42323.67
317,Danna,Zeplin,43969.31
318,Wilona,Norton,44876.70
319,Ashlen,Corbert,35401.93
320,Cheston,Scimoni,35229.81
321,Sophie,Belliveau,49805.19
322,Murielle,Easun,47307.96
323,Tirrell,Currin,38581.02
324,Lynnett,Watling,43464.94
325,Vitia,Keuning,43412.90
326,Georgette,Decort,49355.41
327,Celestina,Larrett,41238.49
328,Dorelia,Jellyman,37965.84
329,Essie,Wilhelmy,38016.58
330,Britt,Murrock,34234.09
331,Akim,Daber,38676.70
332,Wendi,Ricardo,35706.04
333,Rusty,Barcke,41617.61
334,Aeriel,Clue,39890.28
335,Janifer,Fowler,47443.70
336,Torry,MacKill,44855.92
337,Steven,Wilbor,43292.71
338,Boyd,Pineaux,38353.49
339,Haley,Cocke,42652.12
340,Johannah,Baal,44033.73
341,Sibylle,Maylott,40594.12
342,Roze,Senechault,37825.77
343,Charin,Robroe,40417.20
344,Roddie,McCarle,36351.16
345,Kaye,Rosengren,43041.64
346,Brnaba,Brosio,45658.28
347,Craggy,Jaquest,48408.48
348,Anatol,Smissen,38708.25
349,Ignatius,Olech,48073.05
350,Evvy,Garham,38933.74
351,Lorin,Woodwing,45888.20
352,Lorilee,Pendergrast,37534.95
353,Whittaker,Conkay,44501.41
354,Francesco,Comins,44649.53
355,Gerta,Spennock,37679.79
356,Raina,Paireman,38646.16
357,Aime,Ovens,42242.19
358,Brook,Knowller,46602.40
359,Gwen,Watterson,39605.79
360,Gawen,Jankiewicz,47347.99
361,Sylvia,Purdon,47143.41
362,Tana,Beacock,47005.01
363,Aurilia,Gheerhaert,38897.08
364,Tabbatha,Kryska,39057.56
365,Thane,Irnys,46242.98
366,Tanya,Cortnay,42383.07
367,Joey,Dudbridge,39456.11
368,Granger,Graeber,45117.92
369,Thia,McCritchie,41268.57
370,Donni,Caughtry,41201.89
371,Laverne,Ungaretti,44841.81
372,Ellette,Autin,44689.23
373,Constancia,Damerell,41859.93
374,Smith,Tooting,48548.55
375,Hobey,Sowray,39300.16
376,Philbert,Farrin,49973.03
377,Fayre,De Angelo,37152.22
378,Jacquette,Garrelts,34035.39
379,Nevile,Chedzoy,35011.18
380,Ealasaid,Syfax,46457.16
381,Sancho,Dorran,39581.04
382,Kaylee,McFadzean,34911.33
383,Florella,Willerstone,38173.41
384,Cari,Barnwille,49480.14
385,Shirlene,McWhirter,43235.56
386,Ichabod,Portman,40653.61
387,Guthrey,Chrichton,42345.65
388,Tailor,Matthias,38385.21
389,Andre,Jencey,40580.97
390,Scotti,Vanner,36760.70
391,Maitilde,Kennelly,45923.81
392,Sybila,Beinke,38815.70
393,Talbot,Pidduck,46808.72
394,Goldarina,Trevorrow,37234.89
395,Jessamine,Faldoe,44749.14
396,Brooke,Greaterex,37421.14
397,Hilliary,Heavy,43461.22
398,Eba,Mears,35184.67
399,Maje,Towl,36078.01
400,Nanni,O'Teague,45827.62
401,Malva,Craik,37178.94
402,Kurtis,Foulgham,40028.39
403,Austine,Saby,43248.79
404,Floyd,Strathern,46299.27
405,Sherman,Gounet,47840.87
406,Janey,Smorthwaite,42866.38
407,Tadio,Whipp,47794.26
408,Fernanda,Burgum,48417.86
409,Ravid,Leuty,43840.63
410,Petronille,McQuaker,47460.09
411,Ariadne,Tucsell,43048.26
412,Isacco,Korous,42382.08
413,Ody,Imesson,40609.46
414,Ban,Glentz,46637.38
415,Nonna,Vertey,48494.16
416,Lois,Lattka,40741.23
417,Nerty,Bromley,41942.40
418,Neda,Yggo,41466.96
419,Pietro,Effaunt,41179.50
420,Fayina,Cave,45439.63
421,Wilmette,Rillett,37657.32
422,Minna,Cramond,34731.93
423,Christiane,Martinet,35871.20
424,Josepha,Skeats,39400.94
425,Norbie,Good,45149.73
426,Dylan,Hunnawill,49634.77
427,Dosi,Ilyukhov,36559.40
428,Dodi,Yeend,43203.58
429,Leena,Phifer,40020.02
430,Agace,Goodricke,37726.63
431,Faye,Napier,47319.26
432,Talya,Olyfant,39805.18
433,Orelie,Pencost,34103.18
434,Alessandra,McCathy,44323.80
435,Juliane,MacIlraith,48380.34
436,Shelley,Bainton,36272.32
437,Bonni,Greenhalf,41033.35
438,Horten,O'Crigane,35244.16
439,Tudor,Plessing,44075.30
440,Jarvis,Giovannilli,49498.14
441,Gayelord,Wychard,34828.67
442,Hanan,Johannesson,39356.51
443,Odessa,Deshon,34591.17
444,Rossie,Boor,45031.09
445,Launce,McKune,47683.46
446,Mirilla,Leng,42666.10
447,Cecelia,Duncan,35116.54
448,Chris,Dollar,35939.41
449,Reece,Waryk,42480.59
450,Kennett,Rennard,43169.11
451,Emmalyn,Link,37961.59
452,Torey,Piser,40224.32
453,Jacky,Hanselmann,38674.68
454,Vinnie,Avraham,47953.11
455,Karita,Limon,48370.16
456,Virgie,Dudding,41988.18
457,Isacco,Busain,37819.42
458,Lenna,Storie,49722.28
459,Maryjo,Kingaby,44038.09
460,Ilysa,Petroff,45823.21
461,Tallie,Crimp,42354.30
462,Errol,Joderli,49708.84
463,Astrix,Laffoley-Lane,43565.09
464,Bordie,Cawker,47090.45
465,Brander,Buye,48855.73
466,Hilton,Brahan,35819.21
467,Eldon,Motton,48111.30
468,Stacee,Linfield,38795.12
469,Adan,Haddow,36886.77
470,Siegfried,Kinnard,35512.61
471,Manfred,Creany,44699.72
472,Zenia,Arbuckel,44401.81
473,Brandise,Gethen,38431.55
474,Bernardo,Rishbrook,48865.46
475,Serge,Petican,38957.89
476,Agnesse,Gaudon,34609.79
477,Odelle,Ferryman,41067.83
478,Mindy,Klimecki,43322.40
479,Bobby,Arson,35637.15
480,Malva,Oakenford,43695.66
481,Debera,Von Welden,37453.40
482,Ab,Bollans,45049.18
483,Taryn,Slograve,34850.75
484,Carling,Snookes,43592.10
485,Britteny,Romera,46895.42
486,Moselle,Stanley,49488.38
487,Brandea,Covendon,45359.69
488,Edeline,Pinniger,47497.23
489,Gertrud,Pavlenko,34321.56
490,Rodger,Louder,47358.70
491,Lissy,Sessions,35842.54
492,Malia,Rorke,46611.79
493,Bonnie,Thickens,41903.79
494,Fred,Woolfall,48365.84
495,Randell,Laurie,37149.58
496,Georg,Frudd,37387.41
497,Nathan,McOwan,42642.43
498,Jackie,Klementz,49409.32
499,Bonni,MacTrustam,49968.92
500,Morna,Rachuig,47848.55
501,Lalo,Sellar,39956.19
502,Bernelle,Macrae,34101.64
503,Eustace,Elloit,41368.61
504,Dewitt,Ropcke,43669.23
505,Irina,Cromleholme,36874.78
506,Donella,Janata,44513.33
507,Sapphira,Dane,40311.84
508,Willi,Perche,34184.97
509,Sayres,Bachmann,47821.79
510,Brynn,Rosini,34256.09
511,Flem,Samudio,45597.70
512,Mallissa,Holley,46727.58
513,Hedy,Masarrat,34001.18
514,Belia,Pennycord,39021.45
515,Vinnie,Mound,36034.48
516,Cyb,Lithgow,37243.63
517,Rupert,Gumey,40688.94
518,Steffie,Saveall,43808.79
519,Iona,Bygraves,41575.66
520,Martica,Chiese,39975.81
521,Colene,Smedmore,45045.20
522,Bob,Bellee,36069.32
523,Emilie,Jolly,41630.38
524,Minnie,Ruthven,40212.54
525,Charleen,McKinie,47529.93
526,Berry,Moralas,43815.88
527,Onfre,Lince,49077.19
528,Dorey,Traves,37392.61
529,Pippo,Sprull,46233.56
530,Nilson,Ralfe,47376.65
531,Abel,Guitel,45402.40
532,Emili,Wallworth,41284.94
533,Wynny,Soane,45863.82
534,Beilul,Steen,35451.39
535,Fanni,Eeles,46572.03
536,Torrey,Gingle,47929.03
537,Sephira,Hayden,34238.67
538,Reuven,Runham,34379.78
539,Noach,Fulkes,40249.37
540,Haven,Measham,49963.85
541,Orv,Logie,34999.71
542,Fey,Bayly,38262.38
543,Johannes,Verchambre,42259.02
544,Grange,Poser,39824.61
545,Archibold,Harling,43494.95
546,Derby,Burnup,47208.53
547,Zebulen,Gurg,46822.40
548,Calvin,Masi,41155.55
549,Oran,De Luna,45334.02
550,Ronald,Linfoot,42915.61
551,Leland,Boam,35056.13
552,Ginni,Longcaster,34377.10
553,Tomaso,Chillingsworth,44100.95
554,Wilhelmina,Rossant,34429.84
555,Bailey,Boulden,48041.17
556,Matthew,Aizkovitch,35442.75
557,Buffy,Fennessy,42712.95
558,Burnaby,Learoid,40458.19
559,Sandro,Raeburn,42694.92
560,Idell,Stritton,48531.19
561,Tomasina,Wanden,49148.52
562,Worthington,Van der Veldt,37075.32
563,Auguste,Durbyn,39628.86
564,Hetty,Newlove,40608.69
565,Elroy,Whiscard,42544.25
566,Omero,Sinnock,48761.55
567,Land,Emmitt,47882.48
568,Halsey,Janata,34459.71
569,Joli,Yorath,35671.45
570,Tonya,Newlyn,35455.44
571,Zabrina,Browncey,37615.76
572,Shoshanna,Glenister,43317.13
573,Marti,Marryatt,37246.14
574,Catharine,Wort,35463.07
575,Donnie,Stanman,38374.62
576,Garik,Bridewell,46260.16
577,Renault,Rowling,40481.17
578,Portia,Dudmarsh,46153.02
579,Pattie,Mulrean,46908.29
580,Aloysia,Gammell,49851.88
581,Letta,McMenemy,39832.81
582,Aloysia,Weddeburn,39051.10
583,Frazier,Musto,49882.43
584,Ben,Hinners,46414.18
585,Shanda,Truder,37501.39
586,Dolley,Cush,36610.23
587,Dari,Huntley,45241.29
588,Matelda,Meritt,42074.45
589,Roselia,Baggs,39945.98
590,Luisa,Eric,48666.81
591,Andris,Llewelly,36467.90
592,Kalil,O'Geaney,41914.31
593,Grace,Brimicombe,36501.17
594,Corrine,Gorries,45914.38
595,Vinny,MacLeod,45138.82
596,Pen,Wilmore,39686.90
597,Jared,McGlynn,49299.67
598,Parsifal,Flattman,36131.58
599,Jessamyn,Tincknell,43489.69
600,Packston,Glas,42314.59
601,Winnah,O' Neligan,36905.80
602,Starla,Tanslie,42141.52
603,Wini,Ayscough,47028.80
604,Gabi,MattiCCI,49531.07
605,Charlotta,Spillman,43243.38
606,Artur,Beckett,45778.88
607,Hanan,Myott,48285.02
608,Kippie,O'Siaghail,34329.07
609,Giovanna,Sallis,35805.40
610,Carlita,Haldenby,48535.45
611,Arline,Lenard,43511.27
612,Jo-ann,Andryushchenko,45214.79
613,Lorraine,Sulley,48688.47
614,Claudia,Gibbeson,44720.10
615,Tobie,Priddie,40212.91
616,Uriah,Tice,47384.57
617,Isa,Stathor,36829.90
618,Kaja,Geer,45094.98
619,Tracey,Ransome,36140.27
620,Noreen,Quickenden,38944.52
621,Randy,Cail,35893.09
622,Tim,Schottli,38319.27
623,Marilyn,Hyndes,39654.39
624,Anissa,Mandell,48818.40
625,Reinwald,Lendon,43401.27
626,Godard,Portis,48308.64
627,Nicolis,Spurway,40578.08
628,Simone,Leuchars,39386.73
629,Lem,Cluer,41012.34
630,Lucila,Roffe,47250.86
631,Lynelle,Downse,45588.72
632,Lynnea,Saer,39815.34
633,Octavia,Bunker,38927.35
634,Andi,Annell,46151.83
635,Gillan,von Nassau,43757.76
636,Lorettalorna,Laingmaid,40720.30
637,Rikki,Godbold,42138.12
638,Justinian,Davidovitch,39016.74
639,Latashia,Blades,42423.89
640,Maximo,McCurry,48087.49
641,Belicia,Nix,42651.42
642,Smitty,Josefs,35616.76
643,Tabitha,Do,39318.66
644,Doll,Deek,38209.61
645,Gennie,Akrigg,34398.38
646,Willem,Skyram,35640.43
647,Gerek,Clemetts,44209.59
648,Eugine,Ferraresi,41266.81
649,Mordy,Roke,34566.50
650,Ilario,Szantho,36165.26
651,Tobe,Deble,37706.94
652,Phillida,Sterling,37735.14
653,Raoul,Craster,39084.04
654,Clo,Beaten,45410.64
655,Shurlocke,Duthie,38989.92
656,Myer,Pavese,38596.12
657,Antonin,Leydon,37960.37
658,Verla,Fernie,48840.54
659,Norris,Bellringer,47901.54
660,Nelia,Llorente,34079.97
661,Hillie,Couthard,44321.70
662,Margery,Videneev,40080.05
663,Tracey,Kruger,34444.11
664,Iormina,Denniston,46545.94
665,Emmaline,Miliffe,36582.02
666,Maure,Mattityahou,47200.38
667,Jammal,Hebburn,43314.80
668,Ernestine,Durnford,48579.09
669,Mickey,Smithe,46856.01
670,Bryant,Rushton,45164.09
671,Kiel,Corradeschi,40383.80
672,Cornelia,Lipyeat,49614.89
673,Giulia,Leasor,46542.28
674,Rona,Catlette,36790.94
675,Tobit,Donwell,42133.96
676,Tulley,Baglin,43472.68
677,Karen,Hammond,43777.39
678,Reed,Clapison,47974.10
679,Jehanna,Jira,43274.01
680,Sheff,Hickisson,47597.55
681,Avril,Hardie,35724.81
682,Owen,Ponceford,40511.78
683,Britta,Maisey,36225.84
684,Silvio,Aird,44516.87
685,Marianne,Fost,43876.30
686,Analise,Phillipp,43314.79
687,Lisha,Alleyne,47763.35
688,Liesa,Zanussii,35169.15
689,Dmitri,Theunissen,46816.13
690,Harcourt,Dary,40589.51
691,Harriot,Waggett,47412.51
692,Analiese,Jimeno,44997.39
693,Alexei,Winsper,36201.34
694,Lisha,Ledster,38600.46
695,Collie,Mutch,45156.78
696,Jack,Raysdale,37957.93
697,Giffie,Crooke,39006.44
698,Freddy,Brugden,45873.47
699,Ronnie,Hurche,47906.11
700,Son,Websdale,49917.44
701,Nara,Staddon,39862.30
702,Salem,Tallis,43693.35
703,Margarete,Chaster,40449.94
704,Fonz,Form,39400.97
705,Emili,Orriss,38366.10
706,Trev,Smeed,49159.18
707,Gan,Joscelin,44212.25
708,Gracia,Steanson,34474.20
709,Netta,Smieton,42926.10
710,Brandy,Hinrichs,49290.40
711,Alana,Lawry,36401.07
712,Carce,Cudby,38978.26
713,Cooper,Cowles,41681.35
714,Harper,Cars,46547.08
715,Dalt,Stirman,47246.29
716,Thor,Chirm,40274.99
717,Cleavland,Lefever,49949.95
718,Fredrick,Vernham,48148.47
719,Crissie,Calderon,36571.74
720,Andonis,Zecchetti,47507.53
721,Caz,Duncklee,35732.27
722,Dreddy,Biaggi,39968.80
723,Spike,Robeiro,34999.12
724,Hurleigh,Tinwell,45181.92
725,Billye,Snuggs,38859.67
726,Gusti,Arminger,37303.77
727,Forester,Meneyer,40597.35
728,Damon,Ralph,46729.86
729,Flint,Fortman,47878.23
730,Sinclair,Rothschild,44132.31
731,Orson,Placstone,38816.64
732,Ripley,Suggey,37193.69
733,Madalena,Koomar,42978.95
734,Ardelle,Innot,42120.99
735,Alfie,Elphee,40049.40
736,Myrna,Regitz,37109.85
737,Birch,Antonoczyk,37955.44
738,Bald,Alabaster,45866.76
739,Benedetto,Acutt,47104.67
740,Constantin,Tropman,45240.67
741,Reider,Haddow,36098.08
742,Eachelle,Staker,34870.32
743,Cullin,Weddup,48861.16
744,Drona,Schelle,44622.26
745,Kaiser,Wychard,34632.89
746,Chad,Benyon,37671.20
747,Juan,Janacek,41756.07
748,Massimo,Fontelles,46435.50
749,Rochester,Trytsman,48353.36
750,Emlynn,Kurten,43120.67
751,Jonis,Tourot,49064.42
752,Bell,Cowderay,48315.53
753,Vivyan,Briiginshaw,41748.28
754,Robers,Soaper,39144.68
755,Marjorie,Pryce,48828.76
756,Marie-jeanne,Romanet,41024.52
757,Nil,Geering,43828.65
758,Patsy,Wharby,45489.65
759,Karol,Nuth,41186.88
760,Marris,Grinaugh,37003.99
761,Nancee,McAuslene,36643.36
762,Corbie,Dockreay,45233.18
763,Krissie,Filipputti,46120.48
764,Adara,King,40201.65
765,Tiffie,Hirjak,43196.32
766,Thibaud,Ivanishin,38522.62
767,Martainn,Hedingham,49158.07
768,Barby,Forsdyke,43859.95
769,Winslow,Midford,38536.38
770,Osmond,Stallan,35893.71
771,Paxon,Novotna,36732.55
772,Nancy,Burke,48474.98
773,Burnard,Mc Corley,34553.24
774,Uta,Tucsell,34016.09
775,Howard,Walduck,49073.30
776,Homerus,Algar,44767.74
777,Hollie,Cooling,41865.13
778,Arny,Bougen,35996.08
779,Neil,Creese,49661.94
780,Belvia,Leeke,45254.39
781,Novelia,Jannings,43052.96
782,Mace,Oughtright,37918.50
783,My,Bowskill,36190.03
784,Grange,Jaycox,37365.06
785,Wilhelmine,Abadam,42255.97
786,Pooh,Fowkes,36289.02
787,Meta,Dorricott,34101.15
788,Seka,Brabham,44792.05
789,Randy,Rawling,47161.48
790,Nissy,Songhurst,34635.22
791,Kara-lynn,Gippes,43472.90
792,Teodora,Spurden,40877.32
793,Sterne,Snarie,47576.71
794,Denis,Girvan,42905.10
795,Barny,Pernell,44094.04
796,Nollie,Kitteman,42351.32
797,Kristi,Armes,44240.15
798,Hester,Habberjam,36354.86
799,Drona,Hearse,47108.41
800,Ashia,Cowhig,49409.36
801,Genna,Sirl,35420.86
802,Fredra,Killcross,35838.02
803,Marni,Terron,34871.80
804,Irena,Lambarth,37428.40
805,Ev,Bradberry,42420.40
806,Taddeo,Sushams,41136.30
807,Fraze,Pratley,44883.00
808,Kerry,Tixall,49907.84
809,Fergus,Ridpath,44767.53
810,Arnoldo,Decruse,47929.58
811,Bryn,Muzzillo,37881.55
812,Harry,Cellone,48530.62
813,Adan,Macvain,45661.11
814,Kaylil,Millwall,40523.44
815,Gardie,Kunat,48494.38
816,Denice,Titt,46823.95
817,Shellie,Honeyghan,47796.23
818,Clarita,Pullan,39891.38
819,Noe,Fearneley,47853.01
820,Gaylor,Heinel,45329.19
821,Torry,Wimms,40814.68
822,Lin,Dreghorn,36195.65
823,Elka,Slowey,48714.49
824,Kendall,Cavie,44458.99
825,Roberto,Rochewell,40353.77
826,Alyda,Temperley,41945.68
827,Bridget,Kelloch,41155.41
828,Cele,Kinner,43640.27
829,Clem,De Santos,35034.52
830,Pamela,Tripet,39711.13
831,Philippine,Clayden,37015.99
832,Casar,Fierro,48286.20
833,Ralina,Farrah,34630.69
834,Hedwig,MacBain,39189.97
835,Lorettalorna,Tabram,41219.83
836,Raynell,Gammell,34376.94
837,Kacy,Hulk,40185.75
838,Yulma,Samart,44996.55
839,Leonanie,Ranyard,39191.80
840,Daniel,Joseland,36299.14
841,Josias,Behrendsen,48323.89
842,Eudora,Colisbe,45796.38
843,Goddard,Fissenden,42312.56
844,Giulia,Mullins,46094.02
845,Guido,Espadas,40764.61
846,Zsazsa,MacGhee,47699.29
847,Melina,Berardt,41406.70
848,Laureen,Deerness,38530.93
849,Jodie,Rosthorn,48965.43
850,Fayette,Phidgin,35592.59
851,Annecorinne,Shoveller,44154.01
852,Allan,Martynov,49688.58
853,Kaleb,Sleeford,40770.22
854,Jacquette,Beagley,44398.04
855,Lynnet,Dalloway,43441.95
856,Austine,Polden,35759.06
857,Liam,Ahlin,39994.52
858,Joshuah,Karlicek,36811.00
859,Moira,Botwright,36495.30
860,Mirabella,Conkay,42791.97
861,Moore,Struss,48100.56
862,Starr,Boyan,42458.20
863,Annora,Shilburne,48964.09
864,Mindy,Tenwick,49811.21
865,Ferrel,Slegg,36560.10
866,Ker,Whatling,45723.32
867,Kristy,Scheu,46332.98
868,Martina,Emmitt,48539.51
869,Kimball,Newband,34899.28
870,Yardley,Ornils,34142.48
871,Rebe,Antao,37940.57
872,Cecelia,Hurll,34982.30
873,Keir,Cornner,40375.37
874,Mariquilla,Disman,49182.61
875,Clemence,Lenton,43210.31
876,Gunar,Crosscombe,41529.18
877,Boone,Brown,34148.02
878,Adelle,Matskiv,42165.86
879,Lowrance,Durran,44303.37
880,Liuka,Dunley,35424.25
881,Blondell,Smalley,35123.70
882,Jared,Dymond,41640.29
883,Dene,Hek,43130.80
884,Nickolai,Gromley,47505.08
885,Tammie,Ruben,44349.16
886,Christyna,Guyon,44170.36
887,Sibby,Bartomeu,48710.86
888,Joelie,Penhaligon,40445.22
889,Elenore,Karpol,36330.56
890,Latrena,Brun,38632.10
891,Dmitri,Stace,46126.30
892,Carmine,Soughton,42655.99
893,Petronilla,Marcroft,47476.18
894,Shep,Napleton,49816.98
895,Maritsa,Musgrove,47574.58
896,Niles,Chelnam,34783.50
897,Melisa,Londing,36441.10
898,Daniel,Hollingshead,41297.22
899,Buck,Button,38682.01
900,Mohandas,Rouse,43305.18
901,Jim,Assender,37484.61
902,Kyla,Dunklee,44226.57
903,Luigi,Grundell,41852.13
904,Nadya,Lakeman,47273.90
905,Finlay,Swiffin,39561.39
906,Weber,Bentley,34933.42
907,Stephie,Osburn,47631.88
908,Teodora,McNea,35590.32
909,Viviana,Slaughter,34006.33
910,Toma,Stagge,43380.59
911,Lemmie,Marrow,46736.88
912,Deane,Jore,38324.90
913,Dix,Gilbee,34828.48
914,Tommy,Dann,34268.40
915,Ruttger,Casemore,43044.99
916,Theresina,Laverenz,37748.86
917,Adrian,Gothliff,44332.86
918,Lombard,Gudde,49026.06
919,Cassy,Lailey,37376.39
920,Leanor,MacConnell,34769.27
921,Ruthi,Koop,48665.82
922,Dmitri,Rawls,37956.91
923,Arlina,Corby,36215.22
924,Katey,Honnan,41121.48
925,Nelia,Filintsev,36816.42
926,Friederike,Reyes,38954.94
927,Hollyanne,Iacoboni,37208.65
928,Dulciana,Buckmaster,39655.40
929,Morgen,Duncklee,43592.22
930,Haily,Kerner,40804.77
931,Caryn,Edds,36819.63
932,Caryn,Shorey,49332.45
933,Orsola,Brownbill,35844.15
934,Clifford,Lawes,38396.84
935,Gay,Silman,46638.46
936,Oran,deKnevet,36131.69
937,Woodrow,Atling,39294.56
938,Chrissie,August,41870.86
939,Eirena,Moncrefe,39583.11
940,Germayne,Refford,46940.59
941,Cal,Hatchard,47340.88
942,Phillipe,Jurgensen,49652.84
943,Ailina,Sandercroft,45431.77
944,Sondra,Kiehl,46594.23
945,Kareem,Bruckmann,36361.13
946,Nani,Kittoe,42245.85
947,Kory,Brunton,48503.25
948,Jonis,Francioli,38115.76
949,Mahmud,Elfleet,35633.80
950,Leyla,Coxon,40499.30
951,Gregg,Yesenin,47046.72
952,Parsifal,Lambol,42351.45
953,Frankie,Plane,45114.12
954,Hali,Icom,38399.21
955,Eudora,Stephen,48155.22
956,Haley,Vass,36575.93
957,Analiese,Bagley,41249.01
958,Van,Kobierski,39310.12
959,Burnaby,Houlaghan,45722.06
960,Nertie,Tonkes,40317.69
961,Glyn,Guerreau,40318.27
962,Matti,Stockin,44515.83
963,Minette,Jope,43062.74
964,Yvor,Rickerby,41945.19
965,Idaline,Seint,37659.35
966,Deonne,Petasch,39289.49
967,Laural,Sibley,44172.49
968,Mavra,Rymer,42563.32
969,Zolly,Bodham,41925.78
970,Matthew,Tipple,34507.37
971,Bryce,Peerless,35186.38
972,Iorgos,Obell,38302.26
973,Davita,Linnett,43752.14
974,Lucho,Outibridge,41036.65
975,Bradan,Draaisma,43713.74
976,Deanne,Farlamb,49459.98
977,Kandy,Culley,40001.40
978,Isiahi,Strangeways,44002.77
979,Kata,Eagle,40000.59
980,Stanislaw,Kleszinski,47174.15
981,Annmarie,Melanaphy,38525.25
982,Aloise,Axtens,35994.76
983,Ilene,Narducci,42471.98
984,Chev,Grocott,43255.22
985,Kevyn,Crawshay,38058.48
986,Cleve,Cafe,45169.48
987,Loydie,Adamov,42107.59
988,Jeff,Gillyett,37622.26
989,Margy,Lammie,49249.95
990,Robinson,Jessep,34473.81
991,Pier,Ivanenko,39832.49
992,Eba,Ternault,36589.35
993,Rafaelia,Stode,42176.29
994,Jamaal,Norewood,38198.96
995,Brigit,Jacobs,39184.24
996,Irene,Jerrolt,42546.58
997,Halette,Golborn,37233.41
998,Kathryn,Mallord,35630.22
999,Ayn,Gremane,39699.78
1000,Cheri,Sill,38447.41
